/*ЗАПОЛНЕНИЕ РАБОТНИКОВ
use ksk;
insert into staff (first_name, last_name, birthday,pasportnum) value
 ('Павел', 'Сидоров', '1967-12-11','3758725'),
 ('Александр', 'Жук', '1987-02-13','4658775'),
 ('Георгий', 'Боровинский', '1999-01-21','5655775'),
 ('Алексей', 'Устинов', '1967-05-16','3658445'),
 ('Вадим', 'Петренко', '1973-02-04','3655575'),
 ('Максим', 'Грибанов', '1985-07-18','3633775'),
 ('Сергей', 'Можирин', '1985-05-08','3654475'),
 ('Карина', 'Тиничева', '1967-10-03','3998775'),
 ('Николай', 'Коновалов', '1994-12-08','3328775'),
 ('Анастасия', 'Алексеева', '1975-03-16','3657775'),
 ('Анастасия', 'Туренко', '1985-09-26','3658719'),
 ('Валентина', 'Кнышева', '1975-05-18','3718775'),
 ('Олеся', 'Вострикова', '1989-02-23','3615775'),
 ('Станислав', 'Панкратов', '1970-11-10','8958775'),
 ('Ян', 'Грибанов', '1960-06-10','3658975'),
 ('Максим', 'Фролов', '1987-01-17','3652375'),
 ('Павел', 'Бредихин', '1960-09-14','3619275'),
 ('Анна', 'Можаева', '1974-01-07','3658005'),
 ('Софья', 'Верхотурцева', '1985-02-06','3650175'),
 ('Лидия', 'Новикова', '1994-12-07','3602775'),
 ('Дарья', 'Перезолова', '1980-06-03','3603775'),
 ('Юрий', 'Гагарин', '1934-03-09','3658704');
 
 ЗАПОЛНЕНИЕ НАЧАЛЬНИКОВ
 insert into boss (staff_id) values
 (1),(4),(10),(17),(20);
 
 Должности
 insert into position (name) values
 ('Генеральный директор'),
 ('Директор по экономике и финансам'),
 ('Директор по производству'),
 ('Технический директор'),
 ('Директор по персоналу'),
 ('Юрист'),('Главный электрик'),
 ('Главный механник'),
 ('Крановщик'),
 ('Геодезист'),
 ('Инженер по качеству'),
 ('Серетарь'),
 ('Электрик'),
 ('Монтажник'),
 ('Облицовщик'),
 ('Слесарь'),
('Электромонтажник');

insert into units (name, boss_id) values
('Директора', 1),
('Финансово-экономическая служба', 2),
('Производственное подразделение', 3),
('Инженерная служба',4),
('Служба персонала', 5);

insert into staff_has_position(staff_id,position_id) values
(1,1),
(2,7),
(3,8),
(4,3),
(5,9),
(6,10),
(7,11),
(8,13),
(9,14),
(10,2),
(11,7),
(12,6),
(13,15),
(14,12),
(15,17),
(16,16),
(17,4),
(18,14),
(19,13),
(20,5),
(21,17),
(22,16),
(23,9);


insert into salary (count) values
(150000),
(100000),
(80000),
(70000),
(50000);

insert into inventory (description,units_id) values 
('Toyota Land Cruser 200',1),
('Ford Focus',2),
('Кран',3),
('Грузовик',3),
('Электро-оборудование', 3),
('Геодезическое оборудовние', 4),
('Компьютеры',5);

insert into units_has_staff (staff_id, units_id) values
(1,1),
(2,3),
(3,3),
(4,3),
(5,3),
(6,4),
(7,4),
(8,3),
(9,3),
(10,2),
(11,3),
(12,2),
(13,3),
(14,5),
(15,3),
(16,3),
(17,4),
(18,3),
(19,3),
(20,5),
(21,3),
(22,3),
(23,3);


insert into objects (description) values
('Бетонный завод в городе Сухой Лог');

insert into task (text) values
('Возвести конструкцию до конца 4 квартала 2015');


insert into units_has_task (units_id,task_id,objects_id) values 
(3,1,1);

-- -----------------------------------------------------
-- Table `ksk`.`position_has_salary`
-- -----------------------------------------------------
CREATE TABLE IF NOT EXISTS `ksk`.`position_has_salary` (
  `position_id` INT NOT NULL COMMENT '',
  `salary_id` INT NOT NULL COMMENT '',
  PRIMARY KEY (`position_id`, `salary_id`)  COMMENT '',
  INDEX `fk_position_has_salary_salary1_idx` (`salary_id` ASC)  COMMENT '',
  INDEX `fk_position_has_salary_position_idx` (`position_id` ASC)  COMMENT '',
  CONSTRAINT `fk_position_has_salary_position`
    FOREIGN KEY (`position_id`)
    REFERENCES `ksk`.`position` (`id`)
    ON DELETE NO ACTION
    ON UPDATE NO ACTION,
  CONSTRAINT `fk_position_has_salary_salary1`
    FOREIGN KEY (`salary_id`)
    REFERENCES `ksk`.`salary` (`id`)
    ON DELETE NO ACTION
    ON UPDATE NO ACTION)
ENGINE = InnoDB;


insert into position_has_salary (position_id, salary_id) values
(1,1),
(2,2),
(3,2),
(4,2),
(5,2),
(6,3),
(7,3),
(8,3),
(9,5),
(10,5),
(11,4),
(12,4),
(13,5),
(14,5),
(15,5),
(16,5),
(17,5);

insert into payment (salary_id,date,staff_id) values 
(1,'2015-03-01',1),
(1,'2015-04-01',1),
(2,'2015-04-01',17);*/

